TimeSlot,Status ,Storefront_ID 
2025-05-17 18:34,1,1
2025-05-04 14:03,1,2
2025-01-15 4:47,1,3
2025-08-31 0:42,1,4
2025-04-26 11:46,1,5
2024-12-29 20:42,1,6
2025-09-29 0:30,1,7
2025-03-27 4:27,1,8
2025-05-01 21:38,1,9
2025-08-13 23:34,1,10
2025-04-26 3:55,1,11
2025-01-21 0:28,1,12
2024-12-20 11:49,1,13
2025-02-28 14:37,1,14
2025-02-25 3:27,1,15
2025-07-30 8:49,1,16
2025-11-08 5:11,1,17
2025-08-13 1:18,1,18
2024-11-19 6:57,1,19
2025-09-13 6:20,1,20
2025-02-26 1:40,1,21
2025-04-20 17:07,1,22
2024-12-10 14:54,1,23
2025-06-25 11:13,1,24
2025-05-06 22:31,1,25
2025-07-16 18:20,1,26
2025-04-18 3:50,1,27
2025-07-20 22:01,1,28
2025-11-01 16:23,1,29
2025-05-10 4:51,1,30
2025-05-01 6:32,1,31
2024-12-25 21:14,1,32
2025-06-11 7:04,1,33
2025-10-22 17:13,1,34
2025-06-05 11:40,1,35
2024-12-31 3:03,1,36
2024-11-24 21:06,1,37
2025-07-10 17:33,1,38
2025-03-20 15:23,1,39
2025-10-07 5:01,1,40
2025-02-12 6:40,1,41
2025-07-14 22:59,1,42
2025-01-18 20:56,1,43
2025-09-08 22:27,1,44
2025-04-13 21:03,1,45
2025-07-17 5:24,1,46
2024-12-20 15:31,1,47
2025-01-08 7:35,1,48
2025-10-28 16:09,1,49
2025-02-27 20:12,1,50
2025-05-04 19:03,1,51
2025-10-19 2:56,1,52
2025-06-22 17:46,1,53
2025-04-18 11:08,1,54
2024-12-09 23:03,1,55
2025-10-16 8:42,1,56
2025-07-13 10:38,1,57
2025-06-30 4:00,1,58
2025-10-24 19:28,1,59
2024-12-28 23:34,1,60
2024-11-18 7:34,1,61
2024-12-26 3:24,1,62
2025-04-27 6:15,1,63
2025-08-03 8:37,1,64
2024-12-03 2:33,1,65
2025-06-06 16:12,1,66
2025-07-12 6:05,1,67
2025-01-09 23:48,1,68
2025-03-22 9:25,1,69
2025-10-31 13:07,1,70
2025-03-16 0:32,1,71
2025-06-24 12:23,1,72
2025-09-21 18:02,1,73
2025-06-06 4:28,1,74
2025-05-12 19:00,1,75
2025-11-16 5:18,1,76
2025-07-06 10:39,1,77
2025-08-06 5:34,1,78
2024-12-10 18:25,1,79
2025-09-20 19:36,1,80
2025-01-06 11:27,1,81
2025-01-17 0:43,1,82
2024-12-11 4:41,1,83
2025-09-17 16:08,1,84
2024-12-06 12:05,1,85
2024-12-29 5:52,1,86
2025-09-18 3:03,1,87
2025-11-02 4:51,1,88
2025-04-03 19:12,1,89
2025-05-23 1:07,1,90
2025-10-19 13:24,1,91
2025-05-03 17:40,1,92
2024-11-18 3:58,1,93
2024-12-02 5:13,1,94
2025-07-15 8:57,1,95
2025-06-14 13:09,1,96
2025-06-19 23:02,1,97
2025-07-01 13:55,1,98
2025-07-26 14:10,1,99
2025-09-29 23:17,1,100
2025-06-18 19:53,1,101
2025-11-03 10:04,1,102
2025-09-16 22:59,1,103
2025-09-10 0:27,1,104
2025-09-12 16:38,1,105
2024-11-27 3:01,1,106
2025-08-30 5:38,1,107
2024-12-20 15:11,1,108
2025-06-03 0:50,1,109
2025-02-25 4:47,1,110
2025-01-06 1:10,1,111
2025-03-04 17:44,1,112
2025-02-06 17:29,1,113
2024-11-21 1:56,1,114
2024-12-09 8:58,1,115
2025-01-29 0:31,1,116
2025-03-10 16:40,1,117
2025-09-10 6:25,1,118
2025-05-21 8:49,1,119
2025-02-19 4:58,1,120
2025-07-16 12:51,1,121
2025-10-24 15:57,1,122
2025-05-02 14:12,1,123
2025-03-27 5:55,1,124
2025-08-16 2:38,1,125
2025-06-19 3:19,1,126
2025-11-09 9:33,1,127
2025-01-09 10:47,1,128
2025-07-19 16:58,1,129
2025-08-04 6:00,1,130
2024-12-28 7:19,1,131
2024-11-27 10:00,1,132
2025-04-26 1:39,1,133
2025-01-20 23:43,1,134
2025-06-03 23:54,1,135
2025-04-03 6:51,1,136
2025-09-23 20:29,1,137
2025-05-31 20:03,1,138
2025-10-25 19:07,1,139
2025-11-14 20:04,1,140
2025-11-15 18:01,1,141
2024-12-11 4:23,1,142
2025-03-22 0:37,1,143
2025-10-10 10:04,1,144
2025-02-12 7:18,1,145
2025-05-12 8:51,1,146
2024-12-19 1:21,1,147
2025-03-12 21:46,1,148
2025-08-19 2:04,1,149
2025-05-21 8:20,1,150
2025-02-22 20:43,1,151
2025-01-15 20:56,1,152
2024-12-12 12:04,1,153
2025-03-14 6:14,1,154
2025-01-28 16:12,1,155
2025-04-14 16:32,1,156
2025-06-06 21:34,1,157
2025-06-10 19:56,1,158
2025-05-30 14:44,1,159
2025-06-22 17:14,1,160
2025-10-04 6:42,1,161
2025-04-12 23:49,1,162
2025-07-13 16:22,1,163
2025-01-29 19:44,1,164
2025-08-04 4:57,1,165
2025-08-21 7:34,1,166
2024-12-19 10:24,1,167
2025-03-07 11:22,1,168
2025-02-10 21:07,1,169
2025-02-14 7:32,1,170
2025-04-03 4:14,1,171
2025-02-22 22:52,1,172
2025-11-15 1:36,1,173
2025-05-22 9:36,1,174
2025-02-20 3:35,1,175
2025-03-02 3:33,1,176
2025-09-16 5:13,1,177
2025-05-14 21:22,1,178
2025-09-24 15:05,1,179
2025-10-19 8:06,1,180
2025-09-21 5:08,1,181
2025-08-29 15:12,1,182
2025-03-05 16:31,1,183
2024-12-21 16:00,1,184
2025-03-25 5:02,1,185
2025-04-11 12:56,1,186
2025-06-07 23:36,1,187
2025-01-22 12:17,1,188
2025-06-28 15:32,1,189
2025-02-27 0:55,1,190
2025-06-12 16:22,1,191
2025-04-06 16:37,1,192
2025-04-16 0:17,1,193
2025-01-13 0:05,1,194
2025-02-17 10:00,1,195
2025-10-11 3:18,1,196
2025-08-15 18:25,1,197
2025-05-13 7:20,1,198
2025-09-23 11:51,1,199
2025-09-08 7:14,1,200
2024-11-28 0:39,1,201
2025-07-21 12:24,1,202
2025-09-13 4:38,1,203
2024-11-29 11:10,1,204
2025-04-08 19:54,1,205
2025-07-23 1:47,1,206
2025-03-19 8:22,1,207
2025-04-05 2:09,1,208
2025-11-06 5:42,1,209
2025-09-19 1:45,1,210
2025-04-18 5:39,1,211
2025-05-19 23:45,1,212
2025-09-05 0:35,1,213
2025-07-28 9:51,1,214
2025-04-09 23:20,1,215
2025-04-17 23:26,1,216
2025-05-22 12:10,1,217
2024-11-29 9:00,1,218
2025-01-06 22:13,1,219
2025-10-09 22:41,1,220
2024-12-13 2:22,1,221
2024-12-29 7:01,1,222
2025-06-20 3:56,1,223
2025-07-07 10:57,1,224
2024-12-15 12:45,1,225
2025-01-27 2:52,1,226
2025-11-16 11:52,1,227
2025-03-31 17:59,1,228
2025-01-17 16:44,1,229
2025-05-09 11:32,1,230
2025-08-05 17:51,1,231
2025-04-18 3:45,1,232
2024-12-24 10:49,1,233
2025-07-01 2:03,1,234
2025-02-04 15:44,1,235
2025-10-25 17:23,1,236
2025-11-09 12:59,1,237
2025-09-28 23:02,1,238
2025-09-08 0:25,1,239
2024-12-18 10:51,1,240
2025-09-26 11:57,1,241
2024-11-28 15:31,1,242
2025-04-06 21:16,1,243
2025-09-25 9:12,1,244
2025-10-05 22:34,1,245
2025-08-30 17:50,1,246
2025-03-14 4:10,1,247
2025-08-07 2:36,1,248
2025-08-17 14:11,1,249
2024-12-26 10:16,1,250
2025-09-23 3:00,1,251
2025-03-21 0:17,1,252
2024-12-18 8:33,1,253
2025-03-23 5:01,1,254
2025-08-22 20:21,1,255
2024-12-20 8:14,1,256
2025-09-15 1:05,1,257
2025-01-27 12:50,1,258
2025-04-01 0:21,1,259
2025-08-21 1:35,1,260
2025-09-14 23:18,1,261
2025-10-30 3:04,1,262
2025-08-27 4:20,1,263
2025-09-04 7:52,1,264
2025-05-04 17:10,1,265
2025-01-25 11:14,1,266
2025-06-29 19:45,1,267
2025-06-25 8:26,1,268
2025-05-23 17:18,1,269
2025-01-30 14:52,1,270
2025-02-19 23:42,1,271
2025-09-25 18:45,1,272
2025-04-02 21:46,1,273
2025-04-16 15:55,1,274
2025-07-17 15:24,1,275
2025-07-30 11:19,1,276
2025-01-09 1:14,1,277
2025-01-20 10:43,1,278
2025-03-24 8:34,1,279
2025-03-09 1:32,1,280
2025-04-18 9:47,1,281
2025-09-19 7:15,1,282
2025-08-28 2:12,1,283
2025-03-11 17:32,1,284
2025-09-26 0:09,1,285
2024-11-19 0:04,1,286
2025-06-30 20:22,1,287
2025-08-02 10:31,1,288
2025-04-27 21:26,1,289
2025-07-31 20:22,1,290
2024-12-14 15:23,1,291
2025-06-18 3:29,1,292
2025-01-08 15:08,1,293
2025-07-15 12:39,1,294
2024-12-21 16:56,1,295
2025-03-23 16:30,1,296
2025-01-13 20:52,1,297
2025-05-25 23:59,1,298
2025-05-19 10:27,1,299
2025-08-26 11:06,1,300
2025-08-21 5:17,1,301
2025-07-15 16:28,1,302
2024-12-21 4:23,1,303
2025-09-06 18:40,1,304
2025-04-21 14:31,1,305
2025-05-11 9:12,1,306
2025-09-27 16:30,1,307
2025-11-05 18:09,1,308
2025-03-17 13:22,1,309
2025-08-15 19:17,1,310
2025-02-12 1:53,1,311
2025-01-13 19:40,1,312
2025-04-26 21:48,1,313
2025-05-21 7:03,1,314
2025-10-31 10:45,1,315
2025-08-30 7:21,1,316
2025-01-18 9:31,1,317
2024-12-29 10:12,1,318
2024-12-08 22:19,1,319
2025-08-09 11:40,1,320
2025-08-16 12:40,1,321
2024-12-31 23:08,1,322
2025-08-04 1:06,1,323
2025-05-24 7:31,1,324
2025-03-15 11:18,1,325
2024-11-23 10:33,1,326
2025-01-28 13:24,1,327
2025-03-11 7:51,1,328
2025-03-14 23:21,1,329
2024-12-29 0:41,1,330
2025-02-12 11:04,1,331
2025-07-06 8:56,1,332
2025-08-24 13:56,1,333
2025-02-18 4:13,1,334
2025-01-03 0:54,1,335
2025-03-08 5:17,1,336
2025-03-12 5:14,1,337
2025-07-14 7:36,1,338
2025-08-11 2:58,1,339
2024-11-22 21:33,1,340
2025-04-26 21:02,1,341
2025-09-15 1:48,1,342
2025-08-13 14:18,1,343
2025-08-12 2:48,1,344
2025-04-25 0:51,1,345
2025-06-24 17:20,1,346
2025-03-07 16:55,1,347
2025-08-07 17:34,1,348
2024-12-23 13:08,1,349
2025-02-27 20:29,1,350
2025-04-28 7:47,1,351
2024-12-09 9:58,1,352
2025-10-29 4:04,1,353
2025-07-18 17:29,1,354
2025-01-06 13:37,1,355
2025-03-25 10:19,1,356
2025-07-26 10:47,1,357
2025-06-21 20:27,1,358
2025-09-25 4:00,1,359
2025-08-09 5:07,1,360
2025-03-30 13:00,1,361
2025-03-26 14:29,1,362
2025-09-04 21:46,1,363
2024-11-22 23:07,1,364
2025-03-02 8:10,1,365
2024-12-14 7:54,1,366
2025-04-09 9:30,1,367
2025-09-25 1:18,1,368
2025-02-12 18:41,1,369
2025-08-19 1:46,1,370
2025-09-03 11:05,1,371
2025-08-07 11:43,1,372
2024-11-28 2:35,1,373
2025-09-27 11:03,1,374
2024-12-04 2:26,1,375
2025-04-03 3:48,1,376
2025-08-08 11:50,1,377
2025-09-29 4:57,1,378
2025-09-05 18:46,1,379
2025-10-28 6:33,1,380
2025-08-20 12:30,1,381
2025-07-15 2:32,1,382
2025-08-12 17:51,1,383
2025-11-09 10:02,1,384
2025-09-19 5:31,1,385
2025-09-08 7:18,1,386
2025-01-11 2:52,1,387
2025-04-17 22:22,1,388
2025-02-25 4:47,1,389
2025-04-23 2:49,1,390
2025-09-26 2:41,1,391
2025-02-18 3:55,1,392
2025-11-15 0:36,1,393
2025-06-30 5:07,1,394
2025-05-01 10:42,1,395
2025-03-04 21:28,1,396
2025-10-23 11:01,1,397
2025-04-11 13:40,1,398
2025-10-31 15:37,1,399
2024-11-25 14:48,1,400
2025-09-02 6:55,1,401
2024-12-30 2:10,1,402
2025-02-17 2:57,1,403
2025-09-29 8:42,1,404
2025-10-09 8:11,1,405
2025-03-13 11:46,1,406
2024-12-13 2:32,1,407
2025-06-23 14:51,1,408
2024-12-17 7:27,1,409
2025-06-10 6:34,1,410
2025-10-27 9:31,1,411
2025-06-01 19:09,1,412
2024-11-28 13:38,1,413
2024-11-30 7:10,1,414
2025-08-22 20:55,1,415
2025-04-27 16:40,1,416
2025-03-21 5:16,1,417
2025-04-26 6:41,1,418
2024-11-18 23:29,1,419
2025-02-20 20:14,1,420
2025-03-06 4:49,1,421
2025-08-14 5:14,1,422
2025-06-12 9:53,1,423
2024-12-30 23:53,1,424
2025-09-16 6:53,1,425
2024-12-29 19:17,1,426
2024-12-10 8:31,1,427
2025-06-02 7:59,1,428
2025-10-12 9:24,1,429
2025-09-26 1:52,1,430
2025-09-03 1:47,1,431
2024-11-23 14:59,1,432
2025-10-10 5:26,1,433
2025-04-27 1:02,1,434
2025-10-13 18:34,1,435
2025-03-02 22:53,1,436
2025-04-22 0:59,1,437
2025-05-20 8:30,1,438
2024-12-07 15:07,1,439
2025-07-07 23:01,1,440
2025-02-25 8:15,1,441
2025-03-03 0:56,1,442
2025-07-16 17:12,1,443
2024-11-21 11:55,1,444
2025-09-04 13:41,1,445
2025-02-05 2:46,1,446
2025-01-04 22:49,1,447
2025-10-03 14:54,1,448
2025-06-10 1:18,1,449
2025-05-07 17:23,1,450
2025-01-16 9:58,1,451
2025-07-10 18:55,1,452
2025-09-28 11:53,1,453
2025-05-27 5:40,1,454
2025-08-27 0:10,1,455
2025-04-02 9:09,1,456
2024-12-29 15:22,1,457
2025-02-04 10:13,1,458
2025-02-25 22:14,1,459
2025-02-05 17:02,1,460
2025-05-05 17:00,1,461
2025-02-22 5:13,1,462
2025-06-12 17:43,1,463
2025-10-03 21:28,1,464
2025-03-08 3:20,1,465
2025-02-28 7:31,1,466
2024-12-15 5:01,1,467
2025-05-18 7:09,1,468
2025-10-10 10:07,1,469
2025-06-15 6:43,1,470
2024-12-21 6:03,1,471
2025-09-05 12:26,1,472
2025-10-15 4:35,1,473
2024-11-20 15:39,1,474
2025-06-02 11:56,1,475
2025-09-07 19:39,1,476
2025-02-09 16:35,1,477
2025-08-21 7:23,1,478
2025-08-04 18:56,1,479
2024-12-27 17:34,1,480
2025-08-17 20:12,1,481
2025-08-19 23:14,1,482
2025-06-15 23:35,1,483
2025-11-15 7:43,1,484
2025-11-17 2:07,1,485
2025-11-02 6:19,1,486
2025-02-14 17:19,1,487
2025-06-12 12:51,1,488
2025-07-08 13:05,1,489
2025-06-12 7:04,1,490
2025-06-18 8:49,1,491
2025-03-20 1:16,1,492
2025-09-30 16:33,1,493
2025-05-04 5:08,1,494
2025-08-18 14:39,1,495
2025-07-03 3:16,1,496
2024-11-20 14:01,1,497
2025-04-27 17:36,1,498
2024-12-09 12:19,1,499
2025-03-03 23:28,0,500
2025-06-21 21:39,0,501
2024-12-17 13:22,0,502
2025-05-02 5:17,0,503
2025-08-06 7:47,0,504
2025-08-08 15:17,0,505
2025-06-05 7:28,0,506
2025-08-24 8:14,0,507
2025-02-24 7:16,0,508
2025-10-12 17:28,0,509
2025-01-02 3:26,0,510
2025-11-11 14:55,0,511
2025-08-15 23:04,0,512
2025-07-18 15:43,0,513
2025-01-24 13:45,0,514
2025-10-23 17:54,0,515
2025-07-13 17:22,0,516
2025-09-27 3:45,0,517
2025-10-06 10:02,0,518
2025-08-26 17:07,0,519
2025-09-17 23:17,0,520
2025-06-26 12:24,0,521
2025-10-03 9:20,0,522
2024-12-02 3:37,0,523
2024-11-30 19:59,0,524
2025-05-07 16:40,0,525
2025-07-02 11:44,0,526
2025-08-06 21:39,0,527
2025-10-15 13:39,0,528
2025-03-25 6:44,0,529
2025-02-10 17:16,0,530
2025-07-30 0:59,0,531
2025-07-10 6:40,0,532
2025-10-08 9:36,0,533
2025-10-18 20:13,0,534
2025-02-01 13:37,0,535
2025-02-23 9:00,0,536
2025-02-26 21:39,0,537
2025-03-27 12:46,0,538
2024-12-15 10:14,0,539
2024-11-25 16:21,0,540
2025-05-31 5:36,0,541
2025-06-04 8:52,0,542
2025-08-27 11:20,0,543
2025-08-22 21:25,0,544
2025-11-09 10:46,0,545
2025-05-15 11:13,0,546
2025-06-25 20:45,0,547
2025-10-24 12:49,0,548
2025-09-11 13:38,0,549
2025-02-07 11:33,0,550
2025-10-18 2:01,0,551
2024-11-30 16:41,0,552
2024-12-31 7:50,0,553
2025-08-25 2:20,0,554
2025-05-02 11:34,0,555
2025-02-12 10:49,0,556
2025-02-25 13:38,0,557
2025-03-18 22:21,0,558
2024-11-22 12:44,0,559
2025-03-26 19:49,0,560
2025-01-15 5:46,0,561
2025-03-11 1:31,0,562
2025-10-19 12:23,0,563
2024-11-26 17:32,0,564
2025-07-19 17:44,0,565
2025-11-14 14:43,0,566
2025-07-20 18:09,0,567
2025-02-08 21:37,0,568
2025-07-06 2:00,0,569
2025-05-11 11:12,0,570
2025-07-13 10:35,0,571
2025-11-14 23:29,0,572
2025-03-16 5:44,0,573
2025-01-13 23:14,0,574
2025-10-09 18:16,0,575
2025-04-11 3:05,0,576
2025-07-05 8:26,0,577
2025-04-18 5:43,0,578
2025-08-20 12:20,0,579
2025-08-01 9:37,0,580
2025-01-22 11:55,0,581
2025-10-29 9:10,0,582
2025-11-17 13:57,0,583
2025-02-02 21:50,0,584
2025-08-20 22:56,0,585
2025-08-23 9:19,0,586
2025-05-24 13:24,0,587
2025-04-12 23:48,0,588
2025-04-12 20:17,0,589
2025-09-22 11:07,0,590
2025-04-29 1:11,0,591
2025-03-03 0:12,0,592
2024-12-27 17:18,0,593
2025-07-03 20:30,0,594
2024-11-22 3:46,0,595
2025-04-13 10:26,0,596
2025-01-27 18:02,0,597
2025-09-30 14:39,0,598
2025-01-22 11:07,0,599
2025-02-18 2:17,0,600
2025-06-03 14:13,0,601
2025-05-12 7:03,0,602
2025-01-21 14:22,0,603
2025-10-16 9:38,0,604
2025-06-04 8:27,0,605
2024-12-27 6:10,0,606
2025-01-16 19:47,0,607
2025-02-09 9:10,0,608
2025-03-08 10:01,0,609
2025-10-23 11:58,0,610
2025-03-31 3:28,0,611
2024-11-27 23:20,0,612
2025-11-04 20:57,0,613
2025-10-21 9:19,0,614
2025-01-08 23:04,0,615
2025-02-27 1:09,0,616
2025-05-23 4:24,0,617
2025-02-23 16:13,0,618
2025-04-15 21:55,0,619
2024-12-12 16:40,0,620
2025-07-29 18:51,0,621
2025-04-06 20:12,0,622
2025-02-08 18:45,0,623
2025-09-10 17:32,0,624
2025-05-16 0:36,0,625
2025-08-30 2:51,0,626
2025-04-20 11:27,0,627
2025-05-19 9:11,0,628
2024-12-22 12:53,0,629
2025-07-24 4:51,0,630
2025-04-18 10:31,0,631
2025-10-18 2:10,0,632
2025-04-22 2:26,0,633
2025-04-08 18:23,0,634
2025-07-10 19:10,0,635
2024-12-17 1:36,0,636
2025-08-09 1:57,0,637
2025-05-05 6:15,0,638
2024-11-26 22:15,0,639
2025-04-08 20:07,0,640
2025-11-09 21:10,0,641
2025-07-02 20:06,0,642
2025-03-25 9:33,0,643
2025-01-09 21:47,0,644
2025-03-16 10:41,0,645
2025-04-07 3:40,0,646
2025-09-27 8:15,0,647
2024-12-31 8:25,0,648
2024-12-10 20:09,0,649
2025-11-11 21:33,0,650
2025-05-10 19:13,0,651
2025-03-05 12:10,0,652
2025-10-02 3:29,0,653
2025-06-24 2:57,0,654
2025-01-13 18:27,0,655
2024-11-25 17:41,0,656
2024-12-30 8:17,0,657
2025-07-26 17:30,0,658
2025-02-10 0:15,0,659
2025-10-14 20:46,0,660
2025-10-01 2:27,0,661
2025-05-05 17:55,0,662
2024-11-28 14:43,0,663
2025-09-23 5:01,0,664
2025-09-25 11:31,0,665
2025-10-19 22:27,0,666
2025-09-14 21:15,0,667
2024-11-29 13:38,0,668
2025-11-06 16:55,0,669
2025-07-23 17:03,0,670
2025-06-22 8:55,0,671
2025-09-17 22:08,0,672
2025-05-28 3:48,0,673
2025-10-05 23:22,0,674
2025-01-20 1:52,0,675
2024-11-24 10:52,0,676
2025-01-06 1:43,0,677
2025-04-01 1:10,0,678
2025-03-07 10:14,0,679
2025-07-09 3:52,0,680
2025-11-16 16:37,0,681
2025-08-23 10:57,0,682
2025-07-26 9:36,0,683
2025-09-22 23:38,0,684
2024-12-10 8:25,0,685
2024-12-14 21:14,0,686
2025-02-25 2:09,0,687
2024-12-19 4:32,0,688
2025-11-04 1:09,0,689
2025-06-20 22:05,0,690
2025-01-11 0:11,0,691
2025-07-02 8:49,0,692
2025-03-24 17:44,0,693
2025-10-24 14:11,0,694
2025-09-23 23:47,0,695
2025-01-21 11:26,0,696
2025-06-08 7:58,0,697
2025-06-14 9:13,0,698
2025-01-14 3:17,0,699
2025-11-09 0:34,0,700
2025-06-27 21:07,0,701
2025-02-10 7:29,0,702
2025-10-15 9:20,0,703
2025-05-10 17:01,0,704
2024-12-24 23:04,0,705
2025-04-01 14:30,0,706
2024-11-25 10:37,0,707
2025-04-22 3:56,0,708
2025-02-24 0:20,0,709
2025-09-01 13:10,0,710
2025-08-20 13:16,0,711
2025-02-14 23:14,0,712
2025-10-18 4:08,0,713
2025-11-16 22:48,0,714
2025-02-14 17:02,0,715
2025-10-09 15:42,0,716
2025-07-11 0:23,0,717
2024-11-20 13:55,0,718
2025-08-26 16:32,0,719
2024-12-02 14:29,0,720
2024-12-24 18:41,0,721
2025-11-05 2:13,0,722
2024-12-01 15:30,0,723
2025-01-12 15:56,0,724
2024-11-25 21:58,0,725
2025-04-18 10:04,0,726
2025-03-21 11:32,0,727
2025-09-28 17:15,0,728
2025-05-05 23:42,0,729
2025-05-26 22:36,0,730
2025-05-04 12:56,0,731
2025-11-15 17:20,0,732
2025-07-24 23:44,0,733
2025-04-15 17:12,0,734
2025-11-16 5:37,0,735
2025-04-06 12:43,0,736
2025-09-19 1:50,0,737
2025-05-22 2:08,0,738
2025-05-10 22:24,0,739
2025-06-09 2:45,0,740
2025-01-30 13:53,0,741
2025-05-26 18:50,0,742
2025-01-06 22:55,0,743
2025-02-06 14:29,0,744
2025-03-31 11:31,0,745
2025-01-03 10:57,0,746
2025-03-19 2:08,0,747
2025-05-11 23:09,0,748
2025-10-16 20:13,0,749
2025-10-02 0:49,0,750
2025-08-27 5:32,0,751
2025-06-08 4:30,0,752
2024-12-17 14:43,0,753
2025-03-02 14:26,0,754
2025-10-10 18:47,0,755
2025-03-11 21:15,0,756
2024-12-27 15:49,0,757
2025-09-17 18:16,0,758
2025-05-01 10:35,0,759
2025-07-16 17:36,0,760
2025-02-17 20:18,0,761
2025-05-27 20:42,0,762
2024-12-15 15:08,0,763
2025-09-20 2:53,0,764
2025-08-22 3:09,0,765
2025-08-13 20:04,0,766
2025-07-04 15:21,0,767
2025-06-03 10:11,0,768
2024-11-26 10:39,0,769
2025-01-12 1:48,0,770
2025-07-05 0:08,0,771
2025-09-12 17:01,0,772
2025-08-24 13:12,0,773
2025-09-24 7:05,0,774
2025-04-19 10:56,0,775
2025-09-16 14:58,0,776
2024-12-06 9:50,0,777
2025-09-15 3:03,0,778
2025-11-04 10:07,0,779
2025-07-15 6:38,0,780
2024-12-20 20:30,0,781
2025-07-19 20:54,0,782
2025-04-05 11:47,0,783
2025-01-23 8:57,0,784
2025-07-07 10:11,0,785
2025-04-16 3:57,0,786
2025-02-19 1:53,0,787
2025-11-13 4:00,0,788
2025-09-26 6:29,0,789
2024-11-21 13:25,0,790
2025-03-24 0:30,0,791
2024-12-14 5:04,0,792
2025-07-01 5:04,0,793
2025-06-17 2:08,0,794
2025-11-07 5:14,0,795
2025-04-16 5:53,0,796
2024-11-28 12:59,0,797
2025-06-13 15:38,0,798
2025-09-24 9:45,0,799
2025-03-19 2:16,0,800
2025-06-23 4:38,0,801
2025-05-19 18:59,0,802
2025-08-11 4:14,0,803
2025-03-15 19:06,0,804
2025-04-15 6:48,0,805
2025-03-10 8:26,0,806
2025-09-28 16:59,0,807
2025-05-26 8:58,0,808
2025-07-10 8:50,0,809
2025-04-18 13:19,0,810
2025-09-19 11:12,0,811
2025-09-26 21:39,0,812
2025-02-01 16:25,0,813
2025-11-03 20:58,0,814
2024-11-30 20:44,0,815
2025-07-28 13:02,0,816
2025-02-24 4:15,0,817
2025-01-29 2:54,0,818
2025-09-19 23:49,0,819
2024-12-05 14:17,0,820
2025-05-15 5:10,0,821
2025-05-01 13:14,0,822
2025-11-14 0:43,0,823
2025-02-20 7:34,0,824
2025-02-15 16:18,0,825
2025-01-14 5:21,0,826
2025-05-24 13:12,0,827
2025-06-01 2:35,0,828
2024-11-28 4:00,0,829
2025-07-04 3:41,0,830
2024-12-11 21:09,0,831
2025-11-15 22:21,0,832
2025-11-10 14:13,0,833
2025-08-07 4:42,0,834
2025-02-25 23:25,0,835
2025-08-10 20:11,0,836
2025-02-22 20:03,0,837
2025-06-08 4:11,0,838
2025-09-07 17:13,0,839
2025-01-08 17:05,0,840
2025-06-05 2:47,0,841
2025-02-27 4:50,0,842
2025-04-08 3:33,0,843
2025-10-20 6:35,0,844
2025-10-10 15:31,0,845
2025-10-10 13:41,0,846
2025-08-09 11:07,0,847
2025-01-22 3:33,0,848
2025-10-16 7:42,0,849
2024-12-21 17:37,0,850
2025-05-25 17:52,0,851
2025-08-22 7:29,0,852
2024-12-01 5:15,0,853
2025-10-18 17:12,0,854
2025-04-23 1:13,0,855
2025-04-27 16:38,0,856
2025-10-24 2:55,0,857
2025-05-04 17:23,0,858
2025-01-03 19:00,0,859
2024-12-19 14:32,0,860
2024-12-17 6:30,0,861
2025-01-06 13:33,0,862
2025-03-26 3:06,0,863
2024-12-06 11:42,0,864
2025-04-21 16:37,0,865
2025-06-08 5:16,0,866
2025-02-03 17:15,0,867
2025-03-22 8:10,0,868
2025-05-29 11:27,0,869
2025-07-17 2:36,0,870
2025-06-06 22:48,0,871
2025-08-21 0:30,0,872
2024-12-24 14:58,0,873
2025-05-14 6:58,0,874
2025-05-18 21:39,0,875
2025-06-18 19:52,0,876
2025-07-21 17:15,0,877
2025-08-30 6:46,0,878
2025-10-03 15:08,0,879
2025-09-26 5:27,0,880
2025-02-16 17:08,0,881
2025-04-30 19:29,0,882
2025-08-13 5:43,0,883
2024-11-20 6:30,0,884
2025-08-07 8:26,0,885
2025-05-17 20:26,0,886
2025-08-11 23:06,0,887
2025-08-18 13:05,0,888
2025-11-07 12:16,0,889
2025-01-21 1:14,0,890
2025-05-28 15:29,0,891
2025-11-01 9:51,0,892
2025-05-05 14:48,0,893
2025-07-28 3:24,0,894
2025-05-16 18:46,0,895
2025-05-18 20:51,0,896
2025-07-08 14:56,0,897
2025-08-04 21:18,0,898
2025-03-20 8:45,0,899
2025-07-07 1:45,0,900
2025-10-23 3:48,0,901
2025-06-14 12:40,0,902
2025-03-26 23:13,0,903
2025-08-19 8:53,0,904
2025-02-05 2:27,0,905
2025-10-10 22:54,0,906
2025-03-20 3:40,0,907
2025-01-17 3:37,0,908
2025-03-28 10:25,0,909
2025-01-02 8:34,0,910
2024-11-28 11:27,0,911
2025-04-03 18:31,0,912
2025-10-22 7:05,0,913
2025-03-09 5:12,0,914
2025-07-04 19:49,0,915
2025-01-03 13:28,0,916
2025-01-01 14:32,0,917
2024-12-30 3:34,0,918
2025-09-12 0:41,0,919
2025-08-19 19:14,0,920
2025-02-10 9:35,0,921
2025-04-08 9:15,0,922
2024-11-22 8:32,0,923
2025-08-03 22:36,0,924
2024-12-04 22:48,0,925
2025-10-06 9:55,0,926
2024-11-22 7:48,0,927
2025-05-19 2:21,0,928
2025-05-10 14:31,0,929
2025-06-09 17:09,0,930
2025-06-04 12:23,0,931
2025-05-10 5:31,0,932
2025-07-12 22:00,0,933
2025-09-05 14:35,0,934
2025-05-17 22:09,0,935
2025-10-01 14:37,0,936
2025-01-31 23:07,0,937
2025-10-06 7:11,0,938
2025-09-16 23:38,0,939
2025-07-20 1:03,0,940
2025-02-23 0:49,0,941
2025-11-08 12:05,0,942
2025-05-26 2:35,0,943
2025-08-16 6:07,0,944
2025-10-03 17:52,0,945
2025-01-02 10:18,0,946
2025-03-15 21:29,0,947
2025-10-05 6:54,0,948
2025-07-01 11:05,0,949
2025-08-08 20:10,0,950
2025-02-08 18:29,0,951
2025-04-07 11:18,0,952
2025-02-08 22:14,0,953
2025-02-06 5:56,0,954
2025-05-28 10:02,0,955
2025-11-16 6:40,0,956
2024-11-24 1:23,0,957
2025-11-17 17:32,0,958
2025-04-20 13:25,0,959
2024-12-24 3:57,0,960
2025-03-22 7:04,0,961
2025-05-16 21:51,0,962
2025-05-11 12:20,0,963
2025-06-12 21:46,0,964
2025-02-15 20:33,0,965
2025-06-17 11:45,0,966
2024-12-03 7:18,0,967
2025-07-06 6:01,0,968
2024-12-30 7:59,0,969
2025-03-07 11:49,0,970
2025-01-14 19:12,0,971
2025-06-05 17:58,0,972
2025-06-03 21:23,0,973
2025-07-21 16:11,0,974
2025-06-24 13:07,0,975
2025-02-21 19:52,0,976
2025-03-25 6:11,0,977
2025-05-18 2:29,0,978
2025-05-10 20:53,0,979
2025-11-13 15:43,0,980
2025-06-02 21:33,0,981
2025-10-26 20:06,0,982
2025-01-25 19:51,0,983
2025-07-12 15:05,0,984
2025-11-10 21:25,0,985
2025-08-17 14:24,0,986
2025-10-10 8:33,0,987
2025-03-27 20:05,0,988
2025-05-23 12:13,0,989
2025-10-27 7:58,0,990
2025-10-31 13:28,0,991
2025-10-27 8:13,0,992
2025-11-12 7:08,0,993
2025-08-20 21:36,0,994
2025-10-27 8:30,0,995
2025-10-06 3:17,0,996
2025-06-11 7:11,0,997
2025-02-09 15:11,0,998
2025-07-15 4:43,0,999
2025-06-07 20:11,0,1000